Date/Time,Start,End,Total Sleep (hr),Asleep (Unspecified) (hr),In Bed (hr),Core (hr),Deep (hr),REM (hr),Awake (hr),Sources
2024-01-01,2024-01-01 02:21:30 -0500,2024-01-01 07:06:30 -0500,3.81,0,4.75,2.94,0.633,0.233,0.942,Oura
2024-01-02,2024-01-01 23:48:28 -0500,2024-01-02 13:23:28 -0500,10.15,0,13.58,5.47,1.4,3.28,3.43,Oura
2024-01-03,2024-01-03 01:17:30 -0500,2024-01-03 07:29:30 -0500,5.07,0,6.2,3.32,0.633,1.12,1.13,Oura
2024-01-04,2024-01-04 00:38:00 -0500,2024-01-04 08:14:00 -0500,6.51,0,7.6,3.2,1.18,2.12,1.09,Oura
2024-01-05,2024-01-05 00:20:02 -0500,2024-01-05 09:06:02 -0500,7.64,0,8.77,3.82,1.09,2.73,1.13,Oura
2024-01-06,2024-01-06 01:36:00 -0500,2024-01-06 08:44:00 -0500,6.37,0,7.13,3.71,1.01,1.65,0.767,Oura
2024-01-07,2024-01-06 22:21:01 -0500,2024-01-07 08:47:31 -0500,8.21,0,10.44,5.5,1.21,1.5,2.23,Oura
2024-01-08,2024-01-08 01:17:59 -0500,2024-01-08 09:38:59 -0500,7.07,0,8.35,3.91,0.942,2.22,1.28,Oura
2024-01-09,2024-01-09 01:33:00 -0500,2024-01-09 08:01:00 -0500,5.66,0,6.47,3.28,0.867,1.51,0.808,Oura
2024-01-10,2024-01-10 04:52:31 -0500,2024-01-10 10:14:31 -0500,3.74,0,5.37,1.97,1.06,0.717,1.62,Oura
2024-01-11,2024-01-11 00:47:33 -0500,2024-01-11 08:55:03 -0500,7.07,0,8.12,4.25,1.57,1.26,1.05,Oura
2024-01-12,2024-01-12 01:59:30 -0500,2024-01-12 09:01:30 -0500,6.02,0,7.03,3.18,1.45,1.39,1.01,Oura
2024-01-13,2024-01-13 01:31:58 -0500,2024-01-13 09:54:58 -0500,7.37,0,8.38,4.42,0.975,1.98,1.01,Oura
2024-01-14,2024-01-13 23:38:59 -0500,2024-01-14 08:52:59 -0500,8.08,0,9.23,5.61,0.792,1.67,1.16,Oura
2024-01-15,2024-01-14 22:35:00 -0500,2024-01-15 08:30:02 -0500,0,0,9.74,0,0,0,0,Alexis’ iPhone 12 Mini (2)
2024-01-16,2024-01-15 22:09:31 -0500,2024-01-16 06:27:31 -0500,6,0,8.3,4.4,0.65,0.95,2.3,Oura
2024-01-17,2024-01-17 05:38:32 -0500,2024-01-17 10:13:32 -0500,3.97,0,4.58,2.14,1.02,0.817,0.608,Oura
2024-01-18,2024-01-17 22:35:02 -0500,2024-01-18 07:34:02 -0500,8,0,8.98,4.77,1.12,2.12,0.983,Oura
2024-01-19,2024-01-18 23:04:58 -0500,2024-01-19 10:25:58 -0500,7.37,0,11.35,5.5,0.625,1.25,3.97,Oura
2024-01-20,2024-01-19 22:46:29 -0500,2024-01-20 09:07:29 -0500,8.39,0,10.35,5.96,0.867,1.57,1.96,Oura
2024-01-21,2024-01-20 23:59:58 -0500,2024-01-21 07:47:28 -0500,6.97,0,7.79,4.56,0.867,1.54,0.825,Oura
2024-01-22,2024-01-22 00:17:00 -0500,2024-01-22 08:35:00 -0500,6.41,0,8.3,3.82,1.06,1.53,1.89,Oura
2024-01-23,2024-01-22 21:58:02 -0500,2024-01-23 06:56:02 -0500,7.38,0,8.97,4.98,1.02,1.38,1.58,Oura
2024-01-24,2024-01-23 23:22:59 -0500,2024-01-24 06:24:29 -0500,5.6,0,7.02,4.06,0.675,0.867,1.43,Oura
2024-01-25,2024-01-24 23:07:02 -0500,2024-01-25 07:58:02 -0500,7.97,0,8.85,4.53,1.18,2.25,0.883,Oura
2024-01-26,2024-01-25 23:05:58 -0500,2024-01-26 08:25:59 -0500,11.16,0,9.33,7.68,1.21,2.27,6.08,Oura
2024-01-27,2024-01-26 23:13:01 -0500,2024-01-27 07:58:01 -0500,7.62,0,8.75,4.42,1.4,1.8,1.13,Oura
2024-01-28,2024-01-27 23:36:57 -0500,2024-01-28 10:05:58 -0500,12.91,0,10.48,8.25,1.09,3.57,4.67,Oura
2024-01-29,2024-01-28 23:52:28 -0500,2024-01-29 06:10:28 -0500,5.77,0,6.3,3.94,0.767,1.06,0.533,Oura
2024-01-30,2024-01-29 22:35:30 -0500,2024-01-30 08:28:00 -0500,6.66,0,9.88,3.81,1.59,1.26,3.22,Oura
2024-01-31,2024-01-30 22:48:06 -0500,2024-01-31 08:30:02 -0500,0,0,9.7,0,0,0,0,Alexis’ iPhone 12 Mini (2)
2024-02-01,2024-01-31 22:32:30 -0500,2024-02-01 08:57:30 -0500,7.42,0,10.42,4.96,1.02,1.45,2.99,Oura
2024-02-02,2024-02-02 02:57:33 -0500,2024-02-02 09:16:33 -0500,4.98,0,6.32,3.29,0.883,0.8,1.34,Oura
2024-02-03,2024-02-03 01:16:55 -0500,2024-02-03 09:10:55 -0500,7.68,0,7.68,5.54,0.692,1.45,0.217,Alexis’s Apple Watch
2024-02-04,2024-02-04 02:14:30 -0500,2024-02-04 10:31:30 -0500,7.18,0,8.28,4.87,0.733,1.58,1.1,Oura
2024-02-05,2024-02-05 00:45:59 -0500,2024-02-05 08:55:59 -0500,5.62,0,8.17,3.73,0.392,1.49,2.55,Oura
2024-02-06,2024-02-06 07:49:02 -0500,2024-02-06 14:03:02 -0500,5.57,0,6.23,3.63,0.633,1.3,0.667,Oura
2024-02-07,2024-02-07 02:01:04 -0500,2024-02-07 09:26:34 -0500,6.68,0,7.42,4.3,1.01,1.37,0.742,Oura
2024-02-08,2024-02-07 23:08:00 -0500,2024-02-08 07:57:00 -0500,6.78,0,8.82,4.43,0.508,1.85,2.03,Oura
2024-02-09,2024-02-09 02:15:01 -0500,2024-02-09 07:31:01 -0500,4.77,0,5.27,2.71,0.75,1.32,0.492,Oura
2024-02-10,2024-02-10 01:09:58 -0500,2024-02-10 09:33:58 -0500,7.29,0,8.4,3.94,1.19,2.16,1.11,Oura
2024-02-11,2024-02-11 02:14:00 -0500,2024-02-11 09:46:00 -0500,6.62,0,7.53,3.67,1.24,1.71,0.908,Oura
2024-02-12,2024-02-12 00:42:02 -0500,2024-02-12 06:17:02 -0500,4.45,0,5.58,3,0.817,0.633,1.13,Oura
2024-02-13,2024-02-12 22:56:59 -0500,2024-02-13 09:58:29 -0500,7.81,0,11.02,5,1.02,1.79,3.22,Oura
2024-02-14,2024-02-14 02:24:02 -0500,2024-02-14 08:17:02 -0500,5.11,0,5.88,2.92,1.19,1,0.775,Oura
2024-02-15,2024-02-14 23:38:54 -0500,2024-02-15 08:30:02 -0500,0,0,8.72,0,0,0,0,Alexis’ iPhone 12 Mini (2)
2024-02-16,2024-02-16 01:10:30 -0500,2024-02-16 07:36:30 -0500,5.7,0,6.43,3.23,1.14,1.32,0.733,Oura
2024-02-17,2024-02-16 23:21:58 -0500,2024-02-17 07:01:58 -0500,6.92,0,7.67,3.83,1.46,1.63,0.742,Oura
2024-02-18,2024-02-17 21:54:00 -0500,2024-02-18 05:56:30 -0500,6.91,0,8.04,4.23,1.25,1.42,1.13,Oura
2024-02-19,2024-02-18 22:42:02 -0500,2024-02-19 06:58:02 -0500,7.29,0,8.27,4.18,1.13,1.97,0.975,Oura
2024-02-20,2024-02-19 23:45:58 -0500,2024-02-20 06:17:28 -0500,5.94,0,6.52,3.97,0.8,1.17,0.583,Oura
2024-02-21,2024-02-20 22:12:00 -0500,2024-02-21 07:15:00 -0500,7.42,0,9.05,4.54,1.28,1.6,1.63,Oura
2024-02-22,2024-02-21 22:59:31 -0500,2024-02-22 06:04:31 -0500,6.14,0,7.08,3.86,1.32,0.958,0.942,Oura
2024-02-23,2024-02-22 21:57:33 -0500,2024-02-23 06:55:03 -0500,7.08,0,8.96,4.49,0.875,1.72,1.87,Oura
2024-02-24,2024-02-24 01:40:30 -0500,2024-02-24 07:36:30 -0500,5.08,0,5.93,2.27,1.17,1.65,0.85,Oura
2024-02-25,2024-02-24 22:26:31 -0500,2024-02-25 05:48:01 -0500,6.04,0,7.36,4.27,0.708,1.07,1.32,Oura
2024-02-26,2024-02-25 22:23:31 -0500,2024-02-26 06:15:31 -0500,7.02,0,7.87,4.24,0.917,1.86,0.85,Oura
2024-02-27,2024-02-26 22:24:02 -0500,2024-02-27 05:53:02 -0500,6.54,0,7.48,3.9,0.883,1.76,0.942,Oura
2024-02-28,2024-02-27 21:42:30 -0500,2024-02-28 05:33:00 -0500,6.34,0,7.84,4.32,0.842,1.18,1.5,Oura
2024-02-29,2024-02-28 22:07:33 -0500,2024-02-29 07:01:03 -0500,7.1,0,8.89,4.48,0.958,1.66,1.79,Oura
2024-03-01,2024-02-29 22:17:31 -0500,2024-03-01 06:03:31 -0500,6.1,0,7.77,3.41,0.983,1.71,1.67,Oura
2024-03-02,2024-03-01 22:30:28 -0500,2024-03-02 06:54:28 -0500,6.73,0,8.4,4.52,0.717,1.48,1.68,Oura
2024-03-03,2024-03-03 00:30:00 -0500,2024-03-03 10:05:02 -0500,0,0,8.8,0,0,0,0,Alexis’ iPhone 12 Mini (2)
2024-03-04,2024-03-03 21:38:31 -0500,2024-03-04 06:04:31 -0500,7.47,0,8.43,3.85,1.56,2.07,0.958,Oura
2024-03-05,2024-03-04 21:06:29 -0500,2024-03-05 08:32:29 -0500,9.35,0,11.43,5.05,1.61,2.69,2.08,Oura
2024-03-06,2024-03-05 22:18:59 -0500,2024-03-06 05:05:29 -0500,5.86,0,6.78,3,0.958,1.9,0.917,Oura
2024-03-07,2024-03-06 22:15:03 -0500,2024-03-07 08:27:33 -0500,7.8,0,10.21,4.6,1.24,1.96,2.41,Oura
2024-03-08,2024-03-07 22:26:03 -0500,2024-03-08 08:55:33 -0500,8,0,10.49,4.4,1.08,2.52,2.49,Oura
2024-03-09,2024-03-08 23:08:01 -0500,2024-03-09 05:45:01 -0500,5.21,0,6.62,4.27,0.5,0.433,1.41,Oura
2024-03-10,2024-03-09 22:28:28 -0500,2024-03-10 07:34:28 -0400,5.07,0,8.1,3.22,1.08,0.775,3.02,Oura
2024-03-11,2024-03-10 23:03:29 -0400,2024-03-11 07:53:29 -0400,7.58,0,8.83,4.17,1.07,2.34,1.26,Oura
2024-03-12,2024-03-11 21:36:31 -0400,2024-03-12 08:17:31 -0400,7.24,0,10.68,4.17,0.933,2.14,3.44,Oura
2024-03-13,2024-03-12 21:37:59 -0400,2024-03-13 08:14:29 -0400,6.59,0,10.61,4.29,0.85,1.45,4.02,Oura
2024-03-14,2024-03-14 00:14:00 -0400,2024-03-14 08:11:00 -0400,6.73,0,7.95,4.61,0.967,1.16,1.22,Oura
2024-03-15,2024-03-14 22:35:00 -0400,2024-03-15 08:30:02 -0400,0,0,9.4,0,0,0,0,Alexis’ iPhone 12 Mini (2)
2024-03-16,2024-03-15 22:45:01 -0400,2024-03-16 08:32:01 -0400,7.36,0,9.78,5.02,1.08,1.25,2.42,Oura
2024-03-17,2024-03-17 00:40:02 -0400,2024-03-17 07:49:02 -0400,5.93,0,7.15,2.86,1.15,1.92,1.22,Oura
2024-03-18,2024-03-17 21:45:59 -0400,2024-03-18 07:54:59 -0400,7.66,0,10.15,5.15,0.9,1.61,2.49,Oura
2024-03-19,2024-03-19 00:08:30 -0400,2024-03-19 06:19:30 -0400,5.68,0,6.18,3.53,0.725,1.42,0.5,Oura
2024-03-20,2024-03-19 22:16:31 -0400,2024-03-20 02:44:01 -0400,3.16,0,4.46,2.46,0.392,0.308,1.3,Oura
2024-03-21,2024-03-20 21:43:28 -0400,2024-03-21 08:05:28 -0400,7.37,0,10.37,4.25,1.26,1.86,3,Oura
2024-03-22,2024-03-21 21:33:29 -0400,2024-03-22 09:06:29 -0400,7.88,0,11.55,4.68,1.26,1.93,3.67,Oura
2024-03-23,2024-03-23 00:30:00 -0400,2024-03-23 10:05:01 -0400,0,0,7.89,0,0,0,0,Alexis’ iPhone 12 Mini (2)
2024-03-24,2024-03-24 00:32:59 -0400,2024-03-24 09:25:59 -0400,11.93,0,8.88,7.06,3.27,1.6,2.02,Oura
2024-03-25,2024-03-25 00:26:00 -0400,2024-03-25 06:59:30 -0400,5.12,0,6.56,3.04,1.26,0.825,1.43,Oura
2024-03-26,2024-03-25 21:54:32 -0400,2024-03-26 08:24:32 -0400,8.1,0,10.5,6.08,0.95,1.07,2.4,Oura
2024-03-27,2024-03-27 00:33:32 -0400,2024-03-27 07:02:32 -0400,5.83,0,6.48,3.89,0.733,1.21,0.65,Oura
2024-03-28,2024-03-27 22:07:31 -0400,2024-03-28 08:04:31 -0400,8.19,0,9.95,5.08,0.958,2.15,1.76,Oura
2024-03-29,2024-03-28 22:25:32 -0400,2024-03-29 09:04:02 -0400,7.31,0,10.64,4.28,1.22,1.81,3.33,Oura
2024-03-30,2024-03-29 22:34:30 -0400,2024-03-30 09:16:30 -0400,7.03,0,10.7,3.79,1.48,1.76,3.67,Oura
2024-03-31,2024-03-30 22:16:33 -0400,2024-03-31 07:26:33 -0400,7.97,0,9.17,4.53,0.792,2.64,1.2,Oura
2024-04-01,2024-03-31 21:29:59 -0400,2024-04-01 06:45:59 -0400,8.07,0,9.27,5.16,0.842,2.07,1.2,Oura
2024-04-02,2024-04-01 21:30:32 -0400,2024-04-02 07:01:32 -0400,6.49,0,9.52,3.96,1.13,1.4,3.02,Oura
2024-04-03,2024-04-02 22:14:30 -0400,2024-04-03 07:36:30 -0400,7.7,0,9.37,5.98,0.567,1.15,1.67,Oura
2024-04-04,2024-04-03 21:57:30 -0400,2024-04-04 07:53:30 -0400,6.98,0,9.93,5.23,0.775,0.983,2.95,Oura
2024-04-05,2024-04-04 22:03:34 -0400,2024-04-05 08:57:04 -0400,8.58,0,10.89,5.64,1.32,1.62,2.31,Oura
2024-04-06,2024-04-05 22:10:31 -0400,2024-04-06 08:27:31 -0400,7.23,0,10.28,4.57,1.07,1.6,3.05,Oura
2024-04-07,2024-04-06 22:56:00 -0400,2024-04-07 06:09:30 -0400,4.77,0,7.22,3.48,0.592,0.7,2.46,Oura
2024-04-08,2024-04-07 23:17:32 -0400,2024-04-08 07:41:32 -0400,7.71,0,8.4,4.59,1.03,2.08,0.692,Oura
2024-04-09,2024-04-08 22:11:30 -0400,2024-04-09 07:49:30 -0400,6.67,0,9.63,5.24,0.425,1,2.97,Oura
2024-04-10,2024-04-09 21:49:32 -0400,2024-04-10 06:07:32 -0400,6.29,0,8.3,4.22,0.808,1.27,2.01,Oura
2024-04-11,2024-04-10 22:05:28 -0400,2024-04-11 06:57:28 -0400,7.76,0,8.87,4.5,1.35,1.91,1.11,Oura
2024-04-12,2024-04-11 22:27:30 -0400,2024-04-12 08:16:30 -0400,7.24,0,9.82,4.42,0.95,1.87,2.57,Oura
2024-04-13,2024-04-12 23:07:32 -0400,2024-04-13 06:28:32 -0400,6.54,0,7.35,3.6,0.992,1.95,0.808,Oura
2024-04-14,2024-04-13 22:29:28 -0400,2024-04-14 07:13:28 -0400,7.34,0,8.73,3.93,1.64,1.77,1.39,Oura
2024-04-15,2024-04-14 22:58:30 -0400,2024-04-15 07:33:30 -0400,7.43,0,8.58,4.72,1.07,1.65,1.15,Oura
2024-04-16,2024-04-15 22:50:59 -0400,2024-04-16 06:10:59 -0400,6.16,0,7.33,3.5,1.03,1.63,1.17,Oura
2024-04-17,2024-04-16 22:51:00 -0400,2024-04-17 07:13:00 -0400,7.31,0,8.37,4.76,0.892,1.66,1.06,Oura
2024-04-18,2024-04-17 22:35:00 -0400,2024-04-18 08:23:28 -0400,0,0,9.47,0,0,0,0,Alexis’ iPhone 12 Mini (2)
2024-04-19,2024-04-18 23:45:01 -0400,2024-04-19 07:13:01 -0400,6.64,0,7.47,4.06,1.16,1.43,0.825,Oura
2024-04-20,2024-04-19 22:21:31 -0400,2024-04-20 07:11:31 -0400,7.77,0,8.83,5.12,1.02,1.64,1.06,Oura
2024-04-21,2024-04-21 07:22:11 -0400,2024-04-21 10:05:02 -0400,0,0,1.38,0,0,0,0,Alexis’ iPhone 12 Mini (2)
2024-05-02,2024-05-01 22:35:31 -0400,2024-05-02 07:04:31 -0400,4.9,0,8.48,3.25,0.775,0.875,3.58,Oura
2024-05-03,2024-05-02 22:49:59 -0400,2024-05-03 06:30:59 -0400,7.12,0,7.68,4.2,1.25,1.68,0.558,Oura
2024-05-04,2024-05-03 22:23:01 -0400,2024-05-04 07:34:01 -0400,8.08,0,9.18,4.5,1.38,2.2,1.11,Oura
2024-05-05,2024-05-04 22:40:31 -0400,2024-05-05 06:01:31 -0400,6.02,0,7.35,3.92,0.633,1.47,1.33,Oura
2024-05-06,2024-05-05 22:32:28 -0400,2024-05-06 07:18:28 -0400,7.68,0,8.77,5.03,0.417,2.23,1.08,Oura
2024-05-07,2024-05-06 22:58:31 -0400,2024-05-07 06:46:31 -0400,6.78,0,7.8,4.82,0.65,1.31,1.02,Oura
2024-05-08,2024-05-07 22:36:58 -0400,2024-05-08 06:01:58 -0400,10.26,0,7.42,7.93,1.4,0.925,2.47,Oura
2024-05-09,2024-05-08 22:05:00 -0400,2024-05-09 08:01:00 -0400,6.92,0,9.93,4.52,0.783,1.62,3.02,Oura
2024-05-10,2024-05-09 23:23:01 -0400,2024-05-10 06:41:01 -0400,6.42,0,7.3,3.71,0.858,1.85,0.883,Oura
2024-05-11,2024-05-10 22:03:02 -0400,2024-05-11 06:22:02 -0400,7.31,0,8.32,4.31,1.27,1.73,1.01,Oura
2024-05-12,2024-05-11 23:06:29 -0400,2024-05-12 06:43:29 -0400,6.05,0,7.62,3.56,0.925,1.57,1.57,Oura
2024-05-13,2024-05-12 23:30:30 -0400,2024-05-13 08:08:30 -0400,7.82,0,8.63,4.11,1.41,2.31,0.808,Oura
2024-05-15,2024-05-14 23:07:04 -0400,2024-05-15 07:28:34 -0400,6.66,0,8.36,4.66,0.508,1.49,1.7,Oura
2024-05-16,2024-05-15 23:41:00 -0400,2024-05-16 07:26:00 -0400,6.65,0,7.75,3.98,1.07,1.6,1.1,Oura
2024-05-17,2024-05-17 00:11:01 -0400,2024-05-17 06:55:01 -0400,5.73,0,6.73,4.22,0.4,1.11,1.01,Oura
2024-05-19,2024-05-18 23:59:00 -0400,2024-05-19 06:28:00 -0400,5.44,0,6.48,2.78,1.06,1.6,1.04,Oura
2024-05-20,2024-05-19 23:12:30 -0400,2024-05-20 07:40:30 -0400,7.44,0,8.47,4.43,1.17,1.84,1.02,Oura
2024-05-21,2024-05-21 01:18:32 -0400,2024-05-21 08:04:32 -0400,5.73,0,6.77,3.52,0.667,1.55,1.03,Oura
2024-05-22,2024-05-21 23:14:28 -0400,2024-05-22 08:11:28 -0400,7.73,0,8.95,5.28,0.742,1.7,1.23,Oura
2024-05-23,2024-05-23 00:09:29 -0400,2024-05-23 07:46:29 -0400,5.05,0,7.62,3.33,0.942,0.775,2.57,Oura
2024-05-24,2024-05-23 22:59:32 -0400,2024-05-24 07:16:32 -0400,6.97,0,8.28,3.15,1.62,2.2,1.32,Oura
2024-05-27,2024-05-26 23:37:30 -0400,2024-05-27 07:55:30 -0400,7.09,0,8.3,3.51,0.875,2.71,1.21,Oura
2024-05-29,2024-05-28 22:27:28 -0400,2024-05-29 07:47:28 -0400,8.29,0,9.33,4.48,1.86,1.95,1.04,Oura
2024-05-30,2024-05-30 00:18:58 -0400,2024-05-30 06:38:58 -0400,5.73,0,6.33,2.76,0.992,1.98,0.6,Oura
2024-05-31,2024-05-30 22:39:00 -0400,2024-05-31 06:50:00 -0400,7.3,0,8.18,4.31,1.24,1.75,0.883,Oura
2024-06-01,2024-05-31 23:14:03 -0400,2024-06-01 07:31:03 -0400,7.73,0,8.28,4.83,0.9,1.99,0.558,Oura
2024-06-02,2024-06-01 23:03:59 -0400,2024-06-02 03:48:59 -0400,4.25,0,4.75,2.3,1.13,0.817,0.5,Oura
2024-06-03,2024-06-02 23:34:30 -0400,2024-06-03 08:37:30 -0400,6.84,0,9.05,4.05,0.492,2.3,2.21,Oura
2024-06-04,2024-06-03 22:38:32 -0400,2024-06-04 07:25:32 -0400,7.77,0,8.78,4.84,0.808,2.12,1.02,Oura
2024-06-05,2024-06-05 04:19:32 -0400,2024-06-05 07:51:32 -0400,3.12,0,3.53,1.58,0.792,0.742,0.417,Oura
2024-06-06,2024-06-05 22:58:29 -0400,2024-06-06 06:21:29 -0400,6.55,0,7.38,3.74,0.758,2.05,0.833,Oura
2024-06-07,2024-06-06 23:34:31 -0400,2024-06-07 09:52:01 -0400,8.28,0,10.29,4.57,1.49,2.22,2.01,Oura
2024-06-08,2024-06-07 23:50:32 -0400,2024-06-08 08:09:32 -0400,7.58,0,8.32,4.7,0.967,1.92,0.733,Oura
2024-06-09,2024-06-08 22:54:29 -0400,2024-06-09 06:11:59 -0400,6.01,0,7.29,3.3,1.04,1.67,1.28,Oura
2024-06-10,2024-06-10 00:48:01 -0400,2024-06-10 07:38:01 -0400,9.94,0,6.83,5.36,1.75,2.83,1.37,Oura
2024-06-11,2024-06-10 23:02:02 -0400,2024-06-11 07:29:02 -0400,6.79,0,8.45,4.13,0.992,1.68,1.66,Oura
2024-06-12,2024-06-11 22:22:57 -0400,2024-06-12 07:24:57 -0400,7.8,0,9.03,5.66,0.442,1.7,1.23,Oura
2024-06-13,2024-06-12 22:27:00 -0400,2024-06-13 07:34:00 -0400,7.84,0,9.12,5.01,0.9,1.93,1.28,Oura
2024-06-15,2024-06-14 22:02:32 -0400,2024-06-15 07:28:32 -0400,8.24,0,9.43,5.5,0.85,1.89,1.19,Oura
2024-06-16,2024-06-15 23:32:33 -0400,2024-06-16 08:41:03 -0400,7.13,0,9.14,4.08,1.02,2.04,2.01,Oura
2024-06-17,2024-06-16 22:50:30 -0400,2024-06-17 07:25:30 -0400,7.16,0,8.58,4.81,0.858,1.49,1.42,Oura
2024-06-18,2024-06-17 23:25:30 -0400,2024-06-18 08:04:30 -0400,7.68,0,8.65,4.81,0.967,1.9,0.975,Oura
2024-06-19,2024-06-19 00:13:01 -0400,2024-06-19 08:34:01 -0400,6.62,0,8.35,4.8,0.933,0.883,1.73,Oura
2024-06-20,2024-06-19 23:28:02 -0400,2024-06-20 08:03:32 -0400,7.47,0,8.59,4.73,1.15,1.59,1.13,Oura
2024-06-21,2024-06-20 22:05:00 -0400,2024-06-21 05:43:00 -0400,6.73,0,7.63,4.61,0.833,1.29,0.9,Oura
2024-06-22,2024-06-21 23:20:59 -0400,2024-06-22 07:25:59 -0400,6.48,0,8.08,3.63,1.1,1.75,1.6,Oura
2024-06-23,2024-06-23 00:29:27 -0400,2024-06-23 07:13:27 -0400,6.07,0,6.73,2.94,0.842,2.28,0.667,Oura
2024-06-24,2024-06-23 23:28:29 -0400,2024-06-24 07:26:59 -0400,7.09,0,7.98,5.23,0.283,1.58,0.883,Oura
2024-06-25,2024-06-24 23:33:31 -0400,2024-06-25 07:53:31 -0400,7.13,0,8.33,4.01,0.825,2.3,1.2,Oura
2024-06-26,2024-06-25 23:06:33 -0400,2024-06-26 07:11:03 -0400,7.35,0,8.08,4.32,1.13,1.9,0.725,Oura
2024-06-27,2024-06-26 19:58:29 -0400,2024-06-27 06:59:29 -0400,9.24,0,11.02,5.82,1.04,2.38,1.77,Oura
2024-06-28,2024-06-28 00:15:02 -0400,2024-06-28 06:55:02 -0400,5.57,0,6.67,3.96,0.267,1.35,1.09,Oura
2024-06-29,2024-06-29 00:02:04 -0400,2024-06-29 07:13:34 -0400,6.68,0,7.19,4.12,1,1.56,0.508,Oura
2024-06-30,2024-06-30 00:21:58 -0400,2024-06-30 08:51:58 -0400,7.83,0,8.5,4.96,1.2,1.67,0.675,Oura
2024-07-01,2024-06-30 22:34:01 -0400,2024-07-01 07:18:01 -0400,7.12,0,8.73,3.92,0.708,2.48,1.62,Oura
2024-07-02,2024-07-01 23:11:03 -0400,2024-07-02 07:04:33 -0400,6.57,0,7.89,3.69,1.11,1.78,1.32,Oura
2024-07-04,2024-07-03 22:33:29 -0400,2024-07-04 09:39:29 -0400,7.92,0,11.1,4.65,0.725,2.54,3.18,Oura
2024-07-06,2024-07-05 23:51:00 -0400,2024-07-06 08:30:00 -0400,7.71,0,8.65,4.55,1.27,1.89,0.942,Oura
2024-07-07,2024-07-06 23:19:31 -0400,2024-07-07 09:33:31 -0400,7.67,0,10.23,4.81,0.967,1.89,2.57,Oura
2024-07-09,2024-07-08 23:27:59 -0400,2024-07-09 08:16:59 -0400,7.7,0,8.82,4.81,0.917,1.98,1.12,Oura
2024-07-10,2024-07-09 23:56:00 -0400,2024-07-10 07:42:00 -0400,6.9,0,7.77,4.64,0.967,1.29,0.867,Oura
2024-07-11,2024-07-10 23:17:02 -0400,2024-07-11 07:56:02 -0400,6.34,0,8.65,4.13,0.833,1.37,2.31,Oura
2024-07-12,2024-07-11 22:42:29 -0400,2024-07-12 07:35:29 -0400,8.02,0,8.88,4.53,1.36,2.14,0.858,Oura
2024-07-13,2024-07-12 23:48:30 -0400,2024-07-13 09:12:30 -0400,7.56,0,9.4,5.14,0.65,1.77,1.84,Oura
2024-07-14,2024-07-13 23:30:03 -0400,2024-07-14 08:12:03 -0400,7.93,0,8.7,4.44,1.4,2.09,0.767,Oura
2024-07-15,2024-07-15 00:15:59 -0400,2024-07-15 08:08:29 -0400,7.24,0,7.88,4.32,0.925,2,0.633,Oura
2024-07-16,2024-07-16 00:14:31 -0400,2024-07-16 08:00:01 -0400,6.9,0,7.76,4.49,1.01,1.4,0.858,Oura
2024-07-18,2024-07-17 23:39:30 -0400,2024-07-18 07:25:30 -0400,6.94,0,7.77,4.22,0.875,1.85,0.825,Oura
2024-07-19,2024-07-18 23:29:01 -0400,2024-07-19 07:18:01 -0400,6.88,0,7.82,4.49,1.09,1.29,0.942,Oura
2024-07-20,2024-07-19 22:53:03 -0400,2024-07-20 07:17:03 -0400,7.64,0,8.4,4.21,0.867,2.57,0.758,Oura
2024-07-21,2024-07-20 23:52:59 -0400,2024-07-21 07:49:59 -0400,7.25,0,7.95,4.54,1.06,1.65,0.7,Oura
2024-07-22,2024-07-21 23:30:31 -0400,2024-07-22 07:38:31 -0400,7.32,0,8.13,4.03,1.32,1.96,0.817,Oura
2024-07-23,2024-07-22 22:48:29 -0400,2024-07-23 07:42:29 -0400,6.91,0,8.9,4.92,0.417,1.58,1.99,Oura
2024-07-24,2024-07-23 23:41:01 -0400,2024-07-24 07:37:01 -0400,6.83,0,7.93,4,0.942,1.89,1.1,Oura
2024-07-26,2024-07-25 23:46:58 -0400,2024-07-26 08:16:58 -0400,7.04,0,8.5,3.62,1.25,2.17,1.46,Oura
2024-07-27,2024-07-27 00:07:59 -0400,2024-07-27 06:55:59 -0400,6.22,0,6.8,3.59,1.05,1.58,0.575,Oura
2024-07-28,2024-07-27 23:07:00 -0400,2024-07-28 11:05:00 -0400,8.92,0,11.97,5.02,1.62,2.27,3.05,Oura
2024-07-29,2024-07-28 22:17:44 -0400,2024-07-29 07:15:00 -0400,0,0,8.14,0,0,0,0,Alexis’ iPhone 12 Mini (2)
2024-07-30,2024-07-29 23:43:02 -0400,2024-07-30 07:13:02 -0400,6.93,0,7.5,3.85,1.16,1.92,0.567,Oura
2024-07-31,2024-07-31 00:32:31 -0400,2024-07-31 07:09:31 -0400,5.72,0,6.62,2.95,1.22,1.54,0.9,Oura
2024-08-01,2024-07-31 22:55:05 -0400,2024-08-01 07:15:02 -0400,0,0,8.12,0,0,0,0,Alexis’ iPhone 12 Mini (2)
2024-08-02,2024-08-02 00:06:59 -0400,2024-08-02 08:51:29 -0400,7.34,0,8.74,3.74,1.34,2.26,1.4,Oura
2024-08-03,2024-08-02 22:46:29 -0400,2024-08-03 07:40:29 -0400,7.95,0,8.9,5.15,1.1,1.7,0.95,Oura
2024-08-04,2024-08-03 23:27:30 -0400,2024-08-04 06:51:30 -0400,6.52,0,7.4,4.25,0.542,1.72,0.883,Oura
2024-08-05,2024-08-04 22:44:07 -0400,2024-08-05 07:15:02 -0400,0,0,7.92,0,0,0,0,Alexis’ iPhone 12 Mini (2)
2024-08-06,2024-08-05 23:18:30 -0400,2024-08-06 07:56:30 -0400,7.67,0,8.63,3.9,1.58,2.19,0.967,Oura
2024-08-07,2024-08-06 23:17:31 -0400,2024-08-07 08:41:01 -0400,8.44,0,9.39,5.12,1.3,2.02,0.95,Oura
2024-08-08,2024-08-07 23:49:33 -0400,2024-08-08 07:51:03 -0400,6.16,0,8.02,4.1,0.758,1.3,1.87,Oura
2024-08-09,2024-08-08 23:40:03 -0400,2024-08-09 07:36:33 -0400,7.09,0,7.94,4.28,0.925,1.89,0.85,Oura
2024-08-10,2024-08-09 22:56:48 -0400,2024-08-10 07:15:01 -0400,0,0,8.04,0,0,0,0,Alexis’ iPhone 12 Mini (2)
2024-08-11,2024-08-10 22:39:23 -0400,2024-08-11 05:00:15 -0400,0,0,6.34,0,0,0,0,Alexis’ iPhone 12 Mini (2)
2024-08-12,2024-08-11 20:03:02 -0400,2024-08-12 09:13:02 -0400,8.15,0,13.17,5.72,0.6,1.83,5.02,Oura
2024-08-13,2024-08-13 01:57:43 -0400,2024-08-13 10:01:58 -0400,0,0,8.02,0,0,0,0,Alexis’ iPhone 12 Mini (2)
2024-08-14,2024-08-14 02:15:31 -0400,2024-08-14 10:46:31 -0400,6.77,0,8.52,4.23,1.2,1.33,1.75,Oura
2024-08-15,2024-08-15 00:32:33 -0400,2024-08-15 09:52:03 -0400,7.85,0,9.32,5.76,1.08,1.02,1.47,Oura
2024-08-16,2024-08-16 01:36:30 -0400,2024-08-16 09:29:30 -0400,5.49,0,7.88,3.31,0.692,1.49,2.39,Oura
2024-08-17,2024-08-17 01:33:31 -0400,2024-08-17 10:19:31 -0400,7.77,0,8.77,4.95,1.12,1.7,0.992,Oura
2024-08-18,2024-08-18 01:35:33 -0400,2024-08-18 07:06:33 -0400,4.75,0,5.52,3.11,0.792,0.85,0.767,Oura
2024-08-19,2024-08-18 23:38:59 -0400,2024-08-19 08:55:59 -0400,8,0,9.28,3.81,1.94,2.25,1.28,Oura
2024-08-20,2024-08-19 23:42:32 -0400,2024-08-20 08:17:32 -0400,7.45,0,8.58,5.09,1.07,1.29,1.13,Oura
2024-08-21,2024-08-20 22:57:33 -0400,2024-08-21 09:01:03 -0400,7.26,0,10.06,4.54,1.23,1.48,2.8,Oura
2024-08-22,2024-08-21 22:21:30 -0400,2024-08-22 06:39:30 -0400,7.27,0,8.3,5.01,0.9,1.36,1.03,Oura
2024-08-23,2024-08-22 22:48:03 -0400,2024-08-23 06:08:33 -0400,6.78,0,7.34,4.48,0.7,1.59,0.567,Oura
2024-08-24,2024-08-23 22:41:56 -0400,2024-08-24 07:15:00 -0400,0,0,8.12,0,0,0,0,Alexis’ iPhone 12 Mini (2)
2024-08-25,2024-08-25 00:13:02 -0400,2024-08-25 07:50:02 -0400,6.74,0,7.62,3.35,1.17,2.22,0.875,Oura
2024-08-26,2024-08-26 01:07:03 -0400,2024-08-26 07:27:33 -0400,5.54,0,6.34,3.39,0.767,1.38,0.8,Oura
2024-08-27,2024-08-26 22:52:00 -0400,2024-08-27 06:31:00 -0400,6.89,0,7.65,4.91,0.525,1.46,0.758,Oura
2024-08-28,2024-08-27 23:18:32 -0400,2024-08-28 07:01:32 -0400,7.12,0,7.72,4.35,0.825,1.94,0.6,Oura
2024-08-29,2024-08-28 22:39:33 -0400,2024-08-29 06:12:03 -0400,6.41,0,7.54,3.96,0.892,1.56,1.13,Oura
2024-08-30,2024-08-29 22:56:30 -0400,2024-08-30 07:51:30 -0400,7.89,0,8.92,5.15,1,1.74,1.02,Oura
2024-08-31,2024-08-30 21:36:32 -0400,2024-08-31 08:58:32 -0400,9.39,0,11.37,5.85,1.08,2.46,1.98,Oura
2024-09-01,2024-09-01 04:21:59 -0400,2024-09-01 08:06:59 -0400,3.37,0,3.75,1.58,0.683,1.1,0.383,Oura
2024-09-02,2024-09-01 22:02:00 -0400,2024-09-02 09:15:00 -0400,9.55,0,11.22,6.22,0.633,2.7,1.67,Oura
2024-09-03,2024-09-02 23:47:03 -0400,2024-09-03 07:58:03 -0400,6.98,0,8.18,4.79,0.717,1.47,1.2,Oura
2024-09-04,2024-09-03 22:05:31 -0400,2024-09-04 07:15:00 -0400,0,0,8.88,0,0,0,0,Alexis’ iPhone 12 Mini (2)
2024-09-05,2024-09-04 23:27:59 -0400,2024-09-05 07:15:59 -0400,6.83,0,7.8,4.52,0.758,1.56,0.967,Oura
2024-09-06,2024-09-05 22:48:35 -0400,2024-09-06 07:15:02 -0400,0,0,8.4,0,0,0,0,Alexis’ iPhone 12 Mini (2)
2024-09-07,2024-09-06 22:41:22 -0400,2024-09-07 07:15:02 -0400,0,0,8.55,0,0,0,0,Alexis’ iPhone 12 Mini (2)
2024-09-08,2024-09-07 22:59:27 -0400,2024-09-08 07:15:02 -0400,0,0,8.24,0,0,0,0,Alexis’ iPhone 12 Mini (2)
2024-09-09,2024-09-08 23:31:08 -0400,2024-09-09 08:50:38 -0400,8.52,0,9.32,5.05,1.35,2.12,0.808,Oura
2024-09-10,2024-09-09 23:19:59 -0400,2024-09-10 09:26:59 -0400,8.57,0,10.12,5.13,1.28,2.16,1.55,Oura
2024-09-11,2024-09-10 22:34:37 -0400,2024-09-11 07:15:00 -0400,0,0,8.08,0,0,0,0,Alexis’ iPhone 12 Mini (2)
2024-09-12,2024-09-11 23:56:02 -0400,2024-09-12 08:24:02 -0400,12.18,0,8.47,7.42,1.72,3.05,4.01,Oura
2024-09-13,2024-09-12 23:20:31 -0400,2024-09-13 07:50:31 -0400,7.47,0,8.5,4.22,1.15,2.1,1.03,Oura
2024-09-14,2024-09-13 23:37:32 -0400,2024-09-14 07:56:02 -0400,7.15,0,8.31,3.95,1.13,2.07,1.16,Oura
2024-09-15,2024-09-14 22:54:58 -0400,2024-09-15 07:15:00 -0400,0,0,7.96,0,0,0,0,Alexis’ iPhone 12 Mini (2)
2024-09-16,2024-09-15 23:22:33 -0400,2024-09-16 08:22:33 -0400,6.56,0,9,4.06,0.783,1.72,2.44,Oura
2024-09-17,2024-09-16 20:55:35 -0400,2024-09-17 07:44:35 -0400,9.21,0,10.82,5.64,1.27,2.3,1.61,Oura
2024-09-18,2024-09-18 00:00:01 -0400,2024-09-18 07:40:01 -0400,7,0,7.67,4.18,1.08,1.74,0.667,Oura
2024-09-19,2024-09-19 00:19:32 -0400,2024-09-19 07:18:32 -0400,6.36,0,6.98,3.25,1.38,1.73,0.625,Oura
2024-09-21,2024-09-20 22:52:30 -0400,2024-09-21 07:06:30 -0400,7.42,0,8.23,4.93,1.04,1.44,0.817,Oura
2024-09-22,2024-09-21 23:23:33 -0400,2024-09-22 07:57:03 -0400,7.33,0,8.56,4.84,0.792,1.69,1.23,Oura
2024-09-23,2024-09-22 23:29:29 -0400,2024-09-23 07:02:29 -0400,6.49,0,7.55,3.93,0.742,1.83,1.06,Oura
2024-09-24,2024-09-23 23:22:02 -0400,2024-09-24 08:50:02 -0400,7.33,0,9.47,5.04,0.908,1.38,2.13,Oura
2024-09-26,2024-09-25 22:55:00 -0400,2024-09-26 08:35:00 -0400,7.42,0,9.67,4.58,0.942,1.9,2.25,Oura
2024-09-27,2024-09-26 23:21:01 -0400,2024-09-27 08:42:01 -0400,7.96,0,9.35,5.08,0.958,1.92,1.39,Oura
2024-09-28,2024-09-27 23:48:02 -0400,2024-09-28 08:04:02 -0400,7.08,0,8.27,4.34,0.6,2.14,1.18,Oura
2024-09-30,2024-09-29 23:47:32 -0400,2024-09-30 08:42:32 -0400,7.69,0,8.92,4.34,1.14,2.21,1.22,Oura
2024-10-01,2024-09-30 23:01:28 -0400,2024-10-01 07:32:28 -0400,7.12,0,8.52,4,1.58,1.53,1.4,Oura
2024-10-03,2024-10-02 22:48:01 -0400,2024-10-03 09:14:01 -0400,8.62,0,10.43,5.79,0.9,1.93,1.81,Oura
2024-10-04,2024-10-04 00:17:01 -0400,2024-10-04 08:17:01 -0400,6.62,0,8,4.13,1.15,1.33,1.38,Oura
2024-10-05,2024-10-04 23:45:31 -0400,2024-10-05 08:25:31 -0400,7.67,0,8.67,4.82,1.28,1.58,1,Oura
2024-10-06,2024-10-05 23:09:32 -0400,2024-10-06 09:56:32 -0400,8.32,0,10.78,4.9,1.42,1.99,2.47,Oura
2024-10-07,2024-10-06 23:57:29 -0400,2024-10-07 08:34:29 -0400,7.6,0,8.62,4.53,1.2,1.87,1.02,Oura
2024-10-09,2024-10-08 23:12:01 -0400,2024-10-09 08:26:31 -0400,6.77,0,9.24,4.4,0.608,1.76,2.48,Oura
2024-10-10,2024-10-10 00:26:59 -0400,2024-10-10 08:46:59 -0400,7.22,0,8.33,4.62,0.925,1.68,1.11,Oura
2024-10-11,2024-10-10 23:50:01 -0400,2024-10-11 08:35:01 -0400,5.55,0,8.75,3.51,0.683,1.36,3.2,Oura
2024-10-12,2024-10-11 22:55:03 -0400,2024-10-12 09:43:33 -0400,9.18,0,10.81,5.73,1.32,2.13,1.62,Oura
2024-10-13,2024-10-12 23:49:00 -0400,2024-10-13 09:11:00 -0400,7.68,0,9.37,4.45,0.933,2.3,1.68,Oura
2024-10-14,2024-10-13 23:48:01 -0400,2024-10-14 08:18:31 -0400,7.46,0,8.51,4.33,1.21,1.92,1.05,Oura
2024-10-15,2024-10-14 23:38:29 -0400,2024-10-15 08:19:29 -0400,7.8,0,8.68,5.35,1.1,1.35,0.883,Oura
2024-10-16,2024-10-15 23:40:30 -0400,2024-10-16 08:43:30 -0400,7.32,0,9.05,5.26,0.558,1.5,1.73,Oura
2024-10-17,2024-10-16 22:35:32 -0400,2024-10-17 08:47:32 -0400,8,0,10.2,6.23,0.742,1.02,2.2,Oura
2024-10-18,2024-10-17 22:27:33 -0400,2024-10-18 07:35:03 -0400,7.95,0,9.12,5.61,0.825,1.52,1.18,Oura
2024-10-19,2024-10-18 23:18:29 -0400,2024-10-19 07:00:29 -0400,7.01,0,7.7,4.73,0.875,1.4,0.692,Oura
2024-10-20,2024-10-19 23:28:30 -0400,2024-10-20 08:10:30 -0400,7.46,0,8.7,5.06,0.408,1.99,1.24,Oura
2024-10-23,2024-10-23 01:10:28 -0400,2024-10-23 09:21:28 -0400,7.27,0,8.18,5.52,0.233,1.52,0.917,Oura
2024-10-24,2024-10-24 00:00:58 -0400,2024-10-24 08:12:58 -0400,7.23,0,8.2,4.28,1.42,1.53,0.967,Oura
2024-10-26,2024-10-26 01:04:31 -0400,2024-10-26 09:29:01 -0400,7.67,0,8.41,5.28,0.117,2.27,0.742,Oura
2024-10-27,2024-10-27 00:21:33 -0400,2024-10-27 08:21:03 -0400,7.18,0,7.99,4.1,1.28,1.81,0.808,Oura
2024-10-30,2024-10-29 23:52:31 -0400,2024-10-30 08:41:31 -0400,7.81,0,8.82,5.18,1.03,1.6,1.01,Oura
2024-10-31,2024-10-31 00:05:57 -0400,2024-10-31 08:01:57 -0400,6.93,0,7.93,4.19,1.27,1.47,1,Oura
2024-11-01,2024-10-31 22:43:58 -0400,2024-11-01 07:50:58 -0400,7.38,0,9.12,5.8,0.45,1.12,1.74,Oura
2024-11-02,2024-11-01 23:07:32 -0400,2024-11-02 08:17:32 -0400,7.3,0,9.17,4.51,0.892,1.9,1.87,Oura
2024-11-03,2024-11-03 01:42:29 -0400,2024-11-03 07:41:59 -0500,5.76,0,6.99,2.39,1.55,1.82,1.23,Oura
2024-11-04,2024-11-03 21:21:29 -0500,2024-11-04 06:56:29 -0500,8.78,0,9.58,6.68,0.617,1.49,0.8,Oura
2024-11-05,2024-11-04 23:50:32 -0500,2024-11-05 07:11:32 -0500,6.49,0,7.35,4.42,0.767,1.3,0.858,Oura
2024-11-07,2024-11-06 23:23:59 -0500,2024-11-07 07:43:59 -0500,7.52,0,8.33,4.89,0.65,1.98,0.817,Oura
2024-11-08,2024-11-07 22:08:01 -0500,2024-11-08 07:43:01 -0500,8.06,0,9.58,5.17,0.617,2.28,1.52,Oura
2024-11-09,2024-11-09 00:04:29 -0500,2024-11-09 07:44:29 -0500,6.38,0,7.67,3.44,1.43,1.51,1.28,Oura
2024-11-10,2024-11-09 23:32:00 -0500,2024-11-10 07:37:00 -0500,6.73,0,8.08,5.22,0.517,0.992,1.36,Oura
2024-11-13,2024-11-12 23:31:28 -0500,2024-11-13 08:12:28 -0500,7,0,8.68,3.65,1.08,2.28,1.68,Oura
2024-11-14,2024-11-14 00:14:30 -0500,2024-11-14 08:16:30 -0500,6.86,0,8.03,4.01,1.55,1.3,1.18,Oura
2024-11-16,2024-11-15 22:55:32 -0500,2024-11-16 07:44:02 -0500,7.12,0,8.81,4.95,0.642,1.53,1.68,Oura
2024-11-17,2024-11-16 23:02:59 -0500,2024-11-17 08:08:59 -0500,6.91,0,9.1,4.85,1.15,0.908,2.19,Oura
2024-11-18,2024-11-17 22:52:00 -0500,2024-11-18 08:47:00 -0500,8.77,0,9.92,5.86,1.3,1.62,1.14,Oura
2024-11-20,2024-11-19 22:53:30 -0500,2024-11-20 07:35:30 -0500,7.34,0,8.7,4.27,1.3,1.78,1.36,Oura
2024-11-21,2024-11-20 22:36:31 -0500,2024-11-21 07:27:31 -0500,6.78,0,8.85,4.83,0.508,1.44,2.08,Oura
2024-11-22,2024-11-21 22:27:33 -0500,2024-11-22 07:51:03 -0500,8.37,0,9.39,4.38,1.85,2.14,1.03,Oura
2024-11-23,2024-11-22 23:17:30 -0500,2024-11-23 09:51:30 -0500,7.66,0,10.57,4.87,1.08,1.72,2.91,Oura
2024-11-24,2024-11-23 21:02:25 -0500,2024-11-23 22:41:55 -0500,1,1,0,0,0,0,0.658,Alexis’s Apple Watch
2024-11-25,2024-11-25 00:17:29 -0500,2024-11-25 07:18:29 -0500,6.04,0,7.02,3.74,0.875,1.42,0.975,Oura
2024-11-26,2024-11-25 23:19:00 -0500,2024-11-26 07:40:00 -0500,6.45,0,8.35,3.43,1.33,1.68,1.9,Oura
2024-11-27,2024-11-26 23:13:02 -0500,2024-11-27 07:47:02 -0500,6.75,0,8.57,4.3,0.692,1.76,1.82,Oura
2024-11-29,2024-11-28 23:53:30 -0500,2024-11-29 11:14:30 -0500,18.67,0,11.35,12.89,2.62,3.16,3.74,Oura
2024-11-30,2024-11-30 00:35:31 -0500,2024-11-30 07:59:31 -0500,6.73,0,7.4,4.58,0.792,1.35,0.675,Oura
2024-12-01,2024-12-01 00:00:31 -0500,2024-12-01 08:28:31 -0500,6.57,0,8.47,3.74,1.13,1.7,1.89,Oura
2024-12-02,2024-12-01 23:55:30 -0500,2024-12-02 08:34:30 -0500,7.27,0,8.65,4.89,0.892,1.48,1.38,Oura
2024-12-03,2024-12-02 23:47:32 -0500,2024-12-03 07:38:32 -0500,7.09,0,7.85,4.17,1.13,1.78,0.758,Oura
2024-12-05,2024-12-04 22:58:30 -0500,2024-12-05 07:13:30 -0500,7.3,0,8.25,4.31,1.21,1.78,0.95,Oura
2024-12-06,2024-12-05 23:28:32 -0500,2024-12-06 09:02:32 -0500,7.68,0,9.57,4.82,1.16,1.7,1.88,Oura
2024-12-07,2024-12-06 23:50:01 -0500,2024-12-07 09:16:01 -0500,7.65,0,9.43,4.88,1.11,1.67,1.78,Oura
2024-12-08,2024-12-07 23:20:02 -0500,2024-12-08 08:44:02 -0500,8.2,0,9.4,5.17,1.5,1.53,1.2,Oura
2024-12-10,2024-12-09 23:41:00 -0500,2024-12-10 08:49:00 -0500,8.03,0,9.13,4.83,1.01,2.19,1.1,Oura
2024-12-11,2024-12-10 23:29:01 -0500,2024-12-11 09:47:01 -0500,7.32,0,10.3,4.7,1.08,1.54,2.97,Oura
2024-12-12,2024-12-11 23:20:01 -0500,2024-12-12 08:56:01 -0500,8.08,0,9.6,5.28,1.07,1.74,1.52,Oura
2024-12-13,2024-12-13 00:22:00 -0500,2024-12-13 08:09:00 -0500,6.3,0,7.78,4.24,0.883,1.17,1.48,Oura
2024-12-15,2024-12-14 23:32:30 -0500,2024-12-15 08:36:30 -0500,7.48,0,9.07,4.93,0.967,1.58,1.58,Oura
2024-12-16,2024-12-15 23:36:31 -0500,2024-12-16 08:09:31 -0500,7.42,0,8.55,5.21,0.642,1.57,1.13,Oura
2024-12-18,2024-12-18 00:00:00 -0500,2024-12-18 09:48:00 -0500,7.95,0,9.8,5.22,0.925,1.81,1.85,Oura
2024-12-19,2024-12-18 23:02:02 -0500,2024-12-19 08:17:02 -0500,7.95,0,9.25,4.93,0.733,2.28,1.3,Oura
2024-12-22,2024-12-21 23:47:01 -0500,2024-12-22 08:43:01 -0500,6.71,0,8.93,4.47,1.01,1.23,2.22,Oura
2024-12-23,2024-12-22 23:42:32 -0500,2024-12-23 08:21:32 -0500,6.85,0,8.65,4.44,0.783,1.62,1.8,Oura
2024-12-24,2024-12-24 00:10:28 -0500,2024-12-24 09:08:28 -0500,7.4,0,8.97,5.13,0.892,1.38,1.57,Oura
2024-12-25,2024-12-24 23:12:30 -0500,2024-12-25 08:28:30 -0500,7.27,0,9.27,5.52,0.858,0.892,2,Oura
2024-12-27,2024-12-26 23:49:59 -0500,2024-12-27 08:42:59 -0500,7.17,0,8.88,4.26,1.16,1.76,1.71,Oura
2024-12-28,2024-12-27 21:47:01 -0500,2024-12-28 08:52:01 -0500,7.23,0,11.08,6.13,0.108,0.992,3.85,Oura
2024-12-29,2024-12-28 21:51:33 -0500,2024-12-29 08:56:33 -0500,7.2,0,11.08,5.18,0.442,1.58,3.88,Oura
2024-12-31,2024-12-31 00:25:02 -0500,2024-12-31 08:44:02 -0500,6.73,0,8.32,4.53,0.733,1.47,1.58,Oura
2025-01-01,2025-01-01 00:07:33 -0500,2025-01-01 08:18:03 -0500,7.17,0,8.18,4.47,1.16,1.54,1.01,Oura
2025-01-02,2025-01-01 23:58:29 -0500,2025-01-02 08:36:29 -0500,6.67,0,8.63,4.62,0.617,1.43,1.97,Oura
2025-01-03,2025-01-02 22:30:31 -0500,2025-01-03 08:30:31 -0500,8.13,0,10,5.18,1.21,1.75,1.87,Oura
2025-01-04,2025-01-03 22:30:33 -0500,2025-01-04 10:08:03 -0500,13.56,0,11.62,9.93,1.07,2.56,4.08,Oura
2025-01-05,2025-01-04 23:07:30 -0500,2025-01-05 09:05:30 -0500,7.07,0,9.97,4.56,0.825,1.68,2.9,Oura
2025-01-07,2025-01-06 23:45:03 -0500,2025-01-07 07:44:33 -0500,6.77,0,7.99,4.71,0.575,1.49,1.22,Oura
2025-01-08,2025-01-08 00:01:00 -0500,2025-01-08 08:31:00 -0500,7.03,0,8.5,4.48,0.958,1.6,1.47,Oura
2025-01-09,2025-01-09 00:28:31 -0500,2025-01-09 09:55:31 -0500,6.65,0,9.45,4.57,0.683,1.39,2.8,Oura
2025-01-10,2025-01-09 21:54:32 -0500,2025-01-10 07:40:32 -0500,7.76,0,9.77,5.71,1.05,1,2.01,Oura
2025-01-11,2025-01-11 00:23:30 -0500,2025-01-11 08:52:30 -0500,7.31,0,8.48,4.53,0.908,1.87,1.18,Oura
2025-01-12,2025-01-11 17:56:58 -0500,2025-01-11 18:42:28 -0500,0.758,0.758,0,0,0,0,0,Alexis’s Apple Watch
2025-01-13,2025-01-13 00:05:01 -0500,2025-01-13 08:20:01 -0500,7.18,0,8.25,5.12,0.758,1.31,1.07,Oura
2025-01-14,2025-01-14 00:03:58 -0500,2025-01-14 08:06:58 -0500,7.36,0,8.05,4.93,1.06,1.38,0.692,Oura
2025-01-15,2025-01-15 00:10:00 -0500,2025-01-15 07:39:00 -0500,6.16,0,7.48,4.38,0.55,1.23,1.33,Oura
2025-01-16,2025-01-16 01:24:03 -0500,2025-01-16 08:05:03 -0500,5.77,0,6.68,3.01,1.41,1.36,0.908,Oura
2025-01-18,2025-01-18 00:01:30 -0500,2025-01-18 07:56:00 -0500,7.19,0,7.91,4.15,1.17,1.88,0.717,Oura
2025-01-19,2025-01-19 00:05:32 -0500,2025-01-19 08:17:32 -0500,7.34,0,8.2,4.29,1.25,1.8,0.858,Oura
2025-01-20,2025-01-19 23:52:34 -0500,2025-01-20 08:31:04 -0500,7.04,0,8.64,4.62,0.542,1.88,1.6,Oura
2025-01-21,2025-01-20 23:02:30 -0500,2025-01-21 08:05:00 -0500,6.48,0,9.04,4.45,0.683,1.35,2.56,Oura
2025-01-23,2025-01-23 00:06:58 -0500,2025-01-23 09:41:59 -0500,9.75,0,9.58,6.53,1.82,1.4,5.19,Oura
2025-01-24,2025-01-24 00:47:00 -0500,2025-01-24 09:28:00 -0500,6.89,0,8.68,4.85,0.808,1.23,1.79,Oura
2025-01-25,2025-01-24 22:37:03 -0500,2025-01-25 08:08:03 -0500,8.27,0,9.52,5.73,0.583,1.95,1.25,Oura
2025-01-26,2025-01-25 23:40:00 -0500,2025-01-26 09:28:00 -0500,8.83,0,9.8,6.02,0.883,1.92,0.975,Oura
2025-01-28,2025-01-27 23:05:32 -0500,2025-01-28 09:25:32 -0500,6.48,0,10.33,4.9,0.508,1.08,3.85,Oura
2025-01-29,2025-01-28 23:58:29 -0500,2025-01-29 09:05:29 -0500,7.68,0,9.12,4.52,1.39,1.77,1.44,Oura
2025-01-30,2025-01-29 23:24:30 -0500,2025-01-30 08:13:30 -0500,6.15,0,8.82,3.89,0.892,1.37,2.67,Oura
2025-01-31,2025-01-30 23:20:33 -0500,2025-01-31 10:15:33 -0500,7.77,0,10.92,5.65,0.592,1.52,3.15,Oura
2025-02-01,2025-01-31 23:53:29 -0500,2025-02-01 08:38:59 -0500,7.31,0,8.76,4.88,0.867,1.57,1.45,Oura
2025-02-02,2025-02-01 23:36:52 -0500,2025-02-02 03:00:22 -0500,3.36,0,0,2.06,0.567,0.733,0.033,Alexis’s Apple Watch
2025-02-04,2025-02-04 01:09:33 -0500,2025-02-04 08:39:33 -0500,6.67,0,7.5,3.77,1.08,1.82,0.833,Oura
2025-02-05,2025-02-05 02:50:30 -0500,2025-02-05 09:40:30 -0500,4.8,0,6.83,2.52,1.09,1.19,2.03,Oura
2025-02-06,2025-02-05 23:35:32 -0500,2025-02-06 10:44:32 -0500,12.95,0,11.15,8.46,2.06,2.43,5.43,Oura
2025-02-08,2025-02-08 00:16:00 -0500,2025-02-08 09:18:30 -0500,9.63,0,9.04,6.81,1.38,1.44,3.33,Oura
2025-02-09,2025-02-09 00:03:01 -0500,2025-02-09 08:20:01 -0500,6.78,0,8.28,4.51,0.992,1.28,1.5,Oura
2025-02-10,2025-02-09 23:52:28 -0500,2025-02-10 08:20:28 -0500,6.17,0,8.47,3.97,1.08,1.11,2.3,Oura
2025-02-11,2025-02-10 23:42:59 -0500,2025-02-11 08:32:59 -0500,6.2,0,8.83,4.08,0.833,1.28,2.63,Oura
2025-02-12,2025-02-11 23:26:59 -0500,2025-02-12 08:54:59 -0500,7.61,0,9.47,5.18,0.992,1.43,1.86,Oura
2025-02-13,2025-02-12 23:44:03 -0500,2025-02-13 08:20:03 -0500,6.68,0,8.6,4.75,0.817,1.11,1.92,Oura
2025-02-14,2025-02-14 00:40:59 -0500,2025-02-14 08:44:29 -0500,5.6,0,8.06,4,0.4,1.2,2.46,Oura
2025-02-15,2025-02-14 22:22:01 -0500,2025-02-15 13:04:01 -0500,9.4,0,14.7,6.37,0.708,2.32,5.3,Oura
2025-02-16,2025-02-16 00:23:33 -0500,2025-02-16 09:30:03 -0500,6.22,0,9.11,4.68,0.417,1.13,2.89,Oura
2025-02-17,2025-02-16 23:25:30 -0500,2025-02-17 08:09:30 -0500,7.73,0,8.73,5.42,0.733,1.58,1.01,Oura
2025-02-18,2025-02-17 23:03:01 -0500,2025-02-18 07:49:01 -0500,7.86,0,8.77,5.44,0.408,2.01,0.908,Oura
2025-02-19,2025-02-18 23:50:02 -0500,2025-02-19 07:38:02 -0500,6.69,0,7.8,3.6,1.21,1.88,1.43,Oura
2025-02-20,2025-02-20 00:54:59 -0500,2025-02-20 08:24:59 -0500,5.42,0,7.5,3.66,1.06,0.708,2.07,Oura
2025-02-21,2025-02-20 21:29:31 -0500,2025-02-21 09:22:01 -0500,8.21,0,11.88,6.16,0.417,1.63,3.67,Oura
2025-02-23,2025-02-22 23:17:31 -0500,2025-02-23 07:33:32 -0500,12.35,0,8.27,8.56,1.82,1.98,2.97,Oura
2025-02-24,2025-02-23 22:16:34 -0500,2025-02-24 07:45:04 -0500,8,0,9.48,4.8,1.03,2.17,1.47,Oura
2025-02-26,2025-02-25 22:24:30 -0500,2025-02-26 06:53:30 -0500,6.56,0,8.48,4.59,0.558,1.41,1.92,Oura
2025-02-27,2025-02-27 00:48:00 -0500,2025-02-27 09:24:00 -0500,5.32,0,8.6,3.25,0.883,1.18,3.28,Oura
2025-02-28,2025-02-28 01:52:02 -0500,2025-02-28 08:33:02 -0500,5.52,0,6.68,3.82,0.675,1.02,1.17,Oura
2025-03-01,2025-03-01 00:55:59 -0500,2025-03-01 09:57:59 -0500,7.22,0,9.03,5.17,0.85,1.21,1.81,Oura
2025-03-03,2025-03-02 23:52:59 -0500,2025-03-03 09:40:59 -0500,7.93,0,9.8,4.74,0.842,2.35,1.87,Oura
2025-03-04,2025-03-04 00:12:01 -0500,2025-03-04 09:18:31 -0500,5.86,0,9.11,4.12,0.825,0.917,3.25,Oura
2025-03-06,2025-03-06 00:29:01 -0500,2025-03-06 09:50:31 -0500,7.47,0,9.36,5.71,0.217,1.54,1.89,Oura
2025-03-07,2025-03-07 00:38:50 -0500,2025-03-07 17:58:55 -0500,8.76,1.1,0,5.78,0.333,1.54,0.025,Alexis’s Apple Watch
2025-03-08,2025-03-08 01:12:32 -0500,2025-03-08 12:11:32 -0500,10.49,0,10.98,5.81,1.36,3.32,4.64,Oura
2025-03-09,2025-03-08 21:56:10 -0500,2025-03-09 13:24:42 -0400,3.06,3.06,0,0,0,0,0.325,Alexis’s Apple Watch
2025-03-10,2025-03-09 23:35:29 -0400,2025-03-10 09:29:29 -0400,7.1,0,9.9,4.76,0.942,1.4,2.8,Oura
2025-03-11,2025-03-10 22:40:30 -0400,2025-03-11 07:55:30 -0400,7.78,0,9.25,4.9,0.9,1.98,1.47,Oura
2025-03-12,2025-03-11 23:08:01 -0400,2025-03-12 10:19:01 -0400,7.56,0,11.18,5.44,0.333,1.78,3.62,Oura
2025-03-13,2025-03-12 23:06:03 -0400,2025-03-13 09:49:03 -0400,9.13,0,10.72,5.44,1.23,2.47,1.58,Oura
2025-03-15,2025-03-14 23:22:00 -0400,2025-03-15 09:49:00 -0400,8.75,0,10.45,5.05,1.36,2.34,1.7,Oura
2025-03-16,2025-03-15 22:23:02 -0400,2025-03-16 09:01:02 -0400,7.46,0,10.63,6.03,0.475,0.95,3.17,Oura
2025-03-17,2025-03-16 22:05:03 -0400,2025-03-17 08:41:33 -0400,6.48,0,10.61,5.53,0.25,0.708,4.12,Oura
2025-03-18,2025-03-17 23:10:31 -0400,2025-03-18 07:33:31 -0400,6.7,0,8.38,5.42,0.583,0.692,1.68,Oura
2025-03-19,2025-03-19 06:42:29 -0400,2025-03-19 10:47:29 -0400,3.19,0,4.08,2.46,0.383,0.35,0.892,Oura
2025-03-21,2025-03-20 23:22:29 -0400,2025-03-21 07:42:29 -0400,6.72,0,8.33,3.39,1.38,1.95,1.61,Oura
2025-03-22,2025-03-21 23:17:32 -0400,2025-03-22 08:10:32 -0400,7.11,0,8.88,4.48,0.833,1.8,1.78,Oura
2025-03-23,2025-03-22 23:24:28 -0400,2025-03-23 07:11:28 -0400,6.44,0,7.78,4.08,0.667,1.69,1.34,Oura
2025-03-24,2025-03-23 23:23:30 -0400,2025-03-24 07:47:30 -0400,5.38,0,8.4,4.03,0.217,1.13,3.02,Oura
2025-03-25,2025-03-24 23:21:58 -0400,2025-03-25 09:33:58 -0400,6.82,0,10.2,4.59,0.725,1.5,3.38,Oura
2025-03-26,2025-03-25 22:53:01 -0400,2025-03-26 07:51:31 -0400,7.07,0,8.98,4.78,0.842,1.45,1.9,Oura
2025-03-27,2025-03-26 23:57:00 -0400,2025-03-27 07:54:00 -0400,6.72,0,7.95,4.25,0.75,1.72,1.23,Oura
2025-03-28,2025-03-27 23:24:01 -0400,2025-03-28 07:25:01 -0400,6.35,0,8.02,4.9,0.367,1.08,1.67,Oura
2025-03-29,2025-03-28 22:18:03 -0400,2025-03-29 07:42:33 -0400,7.54,0,9.41,4.7,1.28,1.56,1.87,Oura
2025-03-30,2025-03-29 23:39:01 -0400,2025-03-30 14:07:01 -0400,13.29,0,14.47,9.95,1.29,2.05,11.91,Oura
2025-03-31,2025-03-30 22:30:02 -0400,2025-03-31 07:53:02 -0400,7.98,0,9.38,5.4,0.583,2,1.4,Oura
2025-04-02,2025-04-01 23:45:00 -0400,2025-04-02 08:18:00 -0400,7.43,0,8.55,5.03,0.825,1.58,1.12,Oura
2025-04-03,2025-04-02 22:33:01 -0400,2025-04-03 03:25:01 -0400,4.07,0,4.87,2.78,0.817,0.467,0.8,Oura
2025-04-04,2025-04-03 23:57:32 -0400,2025-04-04 09:12:32 -0400,8.3,0,9.25,5.9,0.492,1.91,0.95,Oura
2025-04-05,2025-04-05 00:43:28 -0400,2025-04-05 08:50:28 -0400,9.88,0,8.12,6.93,1.16,1.78,3.59,Oura
2025-04-06,2025-04-06 01:45:30 -0400,2025-04-06 07:54:30 -0400,4.45,0,6.15,2.81,0.583,1.06,1.7,Oura
2025-04-07,2025-04-07 09:32:35 -0400,2025-04-07 11:48:05 -0400,1.99,1.99,0,0,0,0,0.267,Alexis’s Apple Watch
2025-04-08,2025-04-08 00:05:00 -0400,2025-04-08 07:59:00 -0400,6.96,0,7.9,4.19,0.7,2.07,0.942,Oura
2025-04-09,2025-04-08 22:24:02 -0400,2025-04-09 08:28:02 -0400,8.08,0,10.07,5.57,0.833,1.68,1.98,Oura
2025-04-11,2025-04-10 22:44:59 -0400,2025-04-11 07:48:59 -0400,7.32,0,9.07,5.34,0.733,1.24,1.75,Oura
2025-04-12,2025-04-12 01:13:01 -0400,2025-04-12 08:10:31 -0400,5.19,0,6.96,2.95,1.23,1.01,1.77,Oura
2025-04-13,2025-04-12 23:55:33 -0400,2025-04-13 08:20:03 -0400,6.44,0,8.41,4.38,0.775,1.29,1.97,Oura
2025-04-15,2025-04-14 23:55:03 -0400,2025-04-15 07:48:33 -0400,6.69,0,7.89,5.37,0.475,0.85,1.2,Oura
2025-04-16,2025-04-16 00:24:00 -0400,2025-04-16 08:08:59 -0400,13.2,0,7.75,8.34,1.5,3.36,1.73,Oura
2025-04-17,2025-04-17 00:01:01 -0400,2025-04-17 08:25:01 -0400,6.03,0,8.4,4.33,0.458,1.25,2.37,Oura
2025-04-18,2025-04-17 23:18:02 -0400,2025-04-18 10:02:02 -0400,8.16,0,10.73,5.85,0.842,1.47,2.57,Oura
2025-04-19,2025-04-18 22:14:58 -0400,2025-04-19 07:59:58 -0400,8.1,0,9.75,4.67,1.26,2.18,1.65,Oura
2025-04-22,2025-04-22 00:07:02 -0400,2025-04-22 07:12:02 -0400,6.37,0,7.08,4.14,1.12,1.11,2.1,Oura
2025-04-23,2025-04-22 23:31:58 -0400,2025-04-23 08:02:28 -0400,7.13,0,8.51,4.38,1.33,1.43,1.38,Oura
2025-04-24,2025-04-23 23:11:30 -0400,2025-04-24 09:55:30 -0400,7.1,0,10.73,5.13,0.617,1.36,3.63,Oura
2025-04-25,2025-04-24 23:29:31 -0400,2025-04-25 07:05:31 -0400,6.77,0,7.6,4.55,0.975,1.25,0.825,Oura
2025-04-27,2025-04-26 22:43:00 -0400,2025-04-27 07:58:00 -0400,7.14,0,9.25,3.99,0.792,2.36,2.11,Oura
2025-04-28,2025-04-28 01:10:34 -0400,2025-04-28 10:22:04 -0400,7.27,0,9.19,4.08,1.36,1.83,1.92,Oura
2025-04-29,2025-04-29 01:43:29 -0400,2025-04-29 08:26:29 -0400,4.91,0,6.72,3.11,1.01,0.792,1.81,Oura
2025-05-01,2025-05-01 02:48:02 -0400,2025-05-01 11:38:02 -0400,4.43,0,8.83,2.44,0.792,1.2,4.4,Oura
2025-05-03,2025-05-02 23:53:01 -0400,2025-05-03 07:51:01 -0400,6.78,0,7.97,4.41,0.617,1.75,1.19,Oura
2025-05-05,2025-05-04 23:19:59 -0400,2025-05-05 10:59:59 -0400,7.02,0,11.67,4.59,0.733,1.7,4.64,Oura
2025-05-06,2025-05-06 01:53:01 -0400,2025-05-06 09:11:01 -0400,6.08,0,7.3,3.01,1.17,1.91,1.22,Oura
2025-05-08,2025-05-08 01:25:29 -0400,2025-05-08 08:31:29 -0400,5.37,0,7.1,3.51,0.442,1.42,1.73,Oura
2025-05-09,2025-05-08 22:11:31 -0400,2025-05-09 02:43:31 -0400,3.38,0,4.53,2.28,0.6,0.492,1.16,Oura
2025-05-10,2025-05-09 23:59:33 -0400,2025-05-10 07:31:33 -0400,6.49,0,7.53,3.08,1.07,2.34,1.04,Oura
2025-05-12,2025-05-11 23:57:01 -0400,2025-05-12 08:32:01 -0400,6.93,0,8.58,5.03,0.442,1.45,1.66,Oura
2025-05-13,2025-05-12 23:32:33 -0400,2025-05-13 08:00:33 -0400,7.44,0,8.47,4.18,0.833,2.42,1.03,Oura
2025-05-14,2025-05-13 22:39:30 -0400,2025-05-14 10:19:30 -0400,8.94,0,11.67,6.2,1.01,1.73,2.72,Oura
2025-05-15,2025-05-14 23:47:31 -0400,2025-05-15 08:29:31 -0400,7.11,0,8.7,5.02,0.567,1.52,1.59,Oura
2025-05-16,2025-05-15 23:32:33 -0400,2025-05-16 07:50:33 -0400,6.77,0,8.3,4.21,1.02,1.54,1.53,Oura
2025-05-17,2025-05-16 23:49:29 -0400,2025-05-17 08:10:29 -0400,7.02,0,8.35,4.88,0.533,1.6,1.33,Oura
2025-05-19,2025-05-18 23:03:02 -0400,2025-05-19 08:41:02 -0400,7.69,0,9.63,5.29,0.758,1.64,1.94,Oura
2025-05-20,2025-05-19 22:49:58 -0400,2025-05-20 09:11:28 -0400,6.88,0,10.36,4.72,0.675,1.48,3.48,Oura
2025-05-21,2025-05-20 23:16:01 -0400,2025-05-21 07:51:01 -0400,7.52,0,8.58,4.23,1.15,2.14,1.06,Oura
2025-05-23,2025-05-23 08:23:39 -0400,2025-05-23 09:53:39 -0400,1.45,1.45,0,0,0,0,0.05,Alexis’s Apple Watch
2025-05-24,2025-05-23 22:35:31 -0400,2025-05-24 10:08:31 -0400,8.41,0,11.55,5.96,0.225,2.22,3.14,Oura
2025-05-25,2025-05-24 23:18:33 -0400,2025-05-25 09:49:33 -0400,9.03,0,10.52,6.79,0.475,1.77,1.48,Oura
2025-05-26,2025-05-25 22:58:29 -0400,2025-05-26 08:31:59 -0400,7.98,0,9.56,5.7,0.742,1.54,1.57,Oura
2025-05-28,2025-05-28 02:25:29 -0400,2025-05-28 08:13:59 -0400,5.08,0,5.81,3.18,0.725,1.18,0.725,Oura
2025-05-29,2025-05-28 23:53:30 -0400,2025-05-29 10:43:30 -0400,9.03,0,10.83,5.03,1.5,2.5,1.81,Oura
2025-05-30,2025-05-30 00:20:32 -0400,2025-05-30 09:18:32 -0400,6.84,0,8.97,4.84,0.508,1.49,2.12,Oura
2025-05-31,2025-05-30 23:47:29 -0400,2025-05-31 08:19:29 -0400,7.28,0,8.53,4.38,0.983,1.92,1.26,Oura
2025-06-02,2025-06-02 00:30:31 -0400,2025-06-02 08:11:31 -0400,6.82,0,7.68,4.26,1.08,1.47,0.867,Oura
2025-06-03,2025-06-03 00:08:29 -0400,2025-06-03 08:01:29 -0400,6.59,0,7.88,4.49,0.442,1.66,1.29,Oura
2025-06-04,2025-06-03 23:00:30 -0400,2025-06-04 08:10:30 -0400,6.57,0,9.17,5.07,0.525,0.975,2.6,Oura
2025-06-05,2025-06-04 22:49:32 -0400,2025-06-05 08:48:32 -0400,8.23,0,9.98,6.19,0.667,1.37,1.76,Oura
2025-06-08,2025-06-07 20:00:47 -0400,2025-06-08 09:00:46 -0400,10.99,0,13,3.15,2.5,5.34,2.01,Pillow
2025-06-09,2025-06-08 22:50:48 -0400,2025-06-09 07:25:48 -0400,8.58,0,8.58,1.84,2.74,4,0,Pillow
2025-06-10,2025-06-09 22:54:01 -0400,2025-06-10 07:48:01 -0400,6.87,0,8.9,4.13,1.43,1.3,2.03,Oura
2025-06-11,2025-06-10 23:01:46 -0400,2025-06-11 10:00:02 -0400,10.06,0,10.97,2.73,2.41,4.92,0.903,Pillow
2025-06-12,2025-06-11 19:17:03 -0400,2025-06-12 07:43:59 -0400,9.46,0,9.67,2.91,2.67,3.88,0.212,Pillow
2025-06-13,2025-06-12 18:47:38 -0400,2025-06-13 07:14:58 -0400,7.33,0,7.64,3.99,1.34,1.99,0.31,Pillow
2025-06-14,2025-06-13 20:34:06 -0400,2025-06-14 08:11:50 -0400,10.86,0,11.63,2.74,2.82,5.31,0.759,Pillow
2025-06-15,2025-06-14 20:19:25 -0400,2025-06-15 09:21:35 -0400,12.04,0,25.87,7.1,1.88,3.07,1.89,Pillow
2025-06-16,2025-06-15 22:49:31 -0400,2025-06-16 09:13:31 -0400,16.27,0,10.4,12.24,0.85,3.17,4.08,Oura
2025-06-17,2025-06-16 20:15:40 -0400,2025-06-17 08:13:30 -0400,10.18,0,11.96,3.83,1.73,4.62,1.78,Pillow
2025-06-18,2025-06-17 23:53:31 -0400,2025-06-18 08:30:31 -0400,7.15,0,8.62,5.68,0.417,1.06,1.47,Oura
2025-06-19,2025-06-18 22:57:33 -0400,2025-06-19 09:27:33 -0400,8.96,0,10.5,6.72,0.142,2.1,1.54,Oura
2025-06-20,2025-06-19 20:49:48 -0400,2025-06-20 12:39:07 -0400,11.3,0,11.6,2.5,3.83,4.97,0.299,Pillow
2025-06-21,2025-06-20 22:39:44 -0400,2025-06-21 09:06:30 -0400,10.44,0,10.45,2.37,2.82,5.26,0,Pillow
2025-06-24,2025-06-23 23:06:29 -0400,2025-06-24 06:59:29 -0400,6.58,0,7.88,4.64,0.667,1.28,1.3,Oura
2025-06-25,2025-06-24 23:23:32 -0400,2025-06-25 08:52:32 -0400,6.68,0,9.48,4.25,0.858,1.57,2.81,Oura
2025-06-26,2025-06-25 23:18:28 -0400,2025-06-26 09:51:28 -0400,8.03,0,10.55,6.23,0.858,0.942,2.52,Oura
2025-06-28,2025-06-27 23:14:02 -0400,2025-06-28 07:55:02 -0400,7.22,0,8.68,4.62,0.858,1.74,1.46,Oura
2025-06-29,2025-06-28 23:11:33 -0400,2025-06-29 09:02:03 -0400,8.32,0,9.84,5.69,0.842,1.79,1.52,Oura
2025-06-30,2025-06-29 22:17:29 -0400,2025-06-30 08:35:29 -0400,6.73,0,10.3,4.85,0.483,1.39,3.58,Oura
2025-07-02,2025-07-01 22:48:59 -0400,2025-07-02 08:00:59 -0400,8.2,0,9.2,6.54,0.267,1.39,1,Oura
2025-07-03,2025-07-02 23:39:02 -0400,2025-07-03 11:16:32 -0400,8.4,0,11.62,6.12,0.425,1.85,3.22,Oura
2025-07-04,2025-07-04 02:45:30 -0400,2025-07-04 09:20:30 -0400,4.51,0,6.58,3.12,0.433,0.958,2.07,Oura
2025-07-05,2025-07-05 01:31:32 -0400,2025-07-05 09:01:32 -0400,6.8,0,7.5,5.55,0,1.25,0.7,Oura
2025-07-06,2025-07-05 23:19:31 -0400,2025-07-06 09:15:31 -0400,7.58,0,9.93,5.98,0.283,1.32,2.35,Oura
2025-07-07,2025-07-07 02:17:32 -0400,2025-07-07 08:13:32 -0400,4.76,0,5.93,2.87,0.767,1.12,1.17,Oura
2025-07-08,2025-07-07 23:25:28 -0400,2025-07-08 07:12:59 -0400,8.7,0,7.79,4.65,1.5,2.55,3.32,Oura
2025-07-09,2025-07-08 22:27:31 -0400,2025-07-09 07:01:31 -0400,6.49,0,8.57,4.99,0.483,1.02,2.07,Oura
2025-07-10,2025-07-09 23:13:03 -0400,2025-07-10 04:34:03 -0400,4.5,0,5.35,2.53,0.858,1.11,0.85,Oura
2025-07-11,2025-07-11 00:13:59 -0400,2025-07-11 05:21:59 -0400,4.68,0,5.13,2.87,0.9,0.917,0.45,Oura
2025-07-12,2025-07-11 22:39:01 -0400,2025-07-12 10:03:01 -0400,8.33,0,11.4,6.13,0.808,1.38,3.07,Oura
2025-07-13,2025-07-12 22:29:30 -0400,2025-07-13 08:29:30 -0400,7.93,0,10,6.18,0.55,1.2,2.07,Oura
2025-07-14,2025-07-14 07:37:39 -0400,2025-07-14 09:50:39 -0400,2.12,2.12,0,0,0,0,0.1,Alexis’s Apple Watch
2025-07-15,2025-07-14 22:56:59 -0400,2025-07-15 09:28:59 -0400,8.41,0,10.53,5.98,0.625,1.8,2.12,Oura
2025-07-16,2025-07-15 22:59:30 -0400,2025-07-16 07:44:30 -0400,7.45,0,8.75,5.66,0.875,0.917,1.3,Oura
2025-07-17,2025-07-16 22:49:30 -0400,2025-07-17 07:42:30 -0400,7.83,0,8.88,4.35,0.967,2.52,1.05,Oura
2025-07-19,2025-07-18 22:32:59 -0400,2025-07-19 08:02:59 -0400,7.66,0,9.5,5.34,0.967,1.35,1.84,Oura
2025-07-20,2025-07-19 21:49:30 -0400,2025-07-20 09:22:30 -0400,8.45,0,11.55,5.8,0.967,1.68,3.1,Oura
2025-07-21,2025-07-20 23:15:00 -0400,2025-07-21 11:13:30 -0400,8.87,0,11.98,6.06,0.758,2.05,3.11,Oura
2025-07-22,2025-07-21 22:25:33 -0400,2025-07-22 05:36:33 -0400,5.68,0,7.18,4.33,0.517,0.833,1.5,Oura
2025-07-23,2025-07-22 22:59:29 -0400,2025-07-23 11:39:29 -0400,11.88,0,12.67,9.2,0.825,1.85,6.25,Oura
2025-07-24,2025-07-24 02:54:59 -0400,2025-07-24 09:02:59 -0400,5.28,0,6.13,2.87,1.08,1.32,0.85,Oura
2025-07-25,2025-07-24 22:53:01 -0400,2025-07-25 08:31:01 -0400,8.65,0,9.63,4.55,1.52,2.57,0.983,Oura
2025-07-26,2025-07-26 00:24:31 -0400,2025-07-26 08:52:31 -0400,7.25,0,8.47,4.01,1.08,2.16,1.22,Oura
2025-07-27,2025-07-27 00:28:32 -0400,2025-07-27 07:37:02 -0400,11.98,0,14.28,9.2,0.517,2.27,2.3,Oura
2025-07-28,2025-07-27 22:13:30 -0400,2025-07-28 08:26:30 -0400,8.52,0,10.22,5.77,0.708,2.04,1.69,Oura
2025-07-29,2025-07-28 22:59:30 -0400,2025-07-29 09:20:30 -0400,6.38,0,10.35,4.81,0.708,0.867,3.97,Oura
2025-07-30,2025-07-29 22:24:30 -0400,2025-07-30 08:33:30 -0400,8.22,0,10.15,5.37,0.742,2.11,1.93,Oura
2025-07-31,2025-07-30 22:08:30 -0400,2025-07-31 06:30:30 -0400,6.34,0,8.37,4.82,0.617,0.9,2.02,Oura
2025-08-01,2025-07-31 21:57:30 -0400,2025-08-01 08:50:30 -0400,8.73,0,10.88,6.01,0.767,1.96,2.15,Oura
2025-08-03,2025-08-02 22:29:32 -0400,2025-08-03 08:06:32 -0400,8.61,0,9.62,6.52,0.175,1.91,1.01,Oura
2025-08-04,2025-08-03 22:39:28 -0400,2025-08-04 07:21:28 -0400,7.13,0,8.7,5.52,0.275,1.34,1.57,Oura
2025-08-05,2025-08-04 21:56:01 -0400,2025-08-05 07:40:01 -0400,7.38,0,9.73,4.52,1.11,1.76,2.35,Oura
2025-08-07,2025-08-06 22:32:30 -0400,2025-08-07 07:58:30 -0400,8.39,0,9.43,5.81,0.758,1.83,1.04,Oura
2025-08-08,2025-08-07 22:43:31 -0400,2025-08-08 07:17:31 -0400,7.33,0,8.57,5.2,0.492,1.64,1.23,Oura
2025-08-09,2025-08-08 23:23:02 -0400,2025-08-09 08:37:02 -0400,7.53,0,9.23,5.01,1.05,1.47,1.71,Oura
